enterprise_id,month,year,month_num,cattle_count,milk_litres,milk_price_per_litre,milk_income,other_income,total_income,fodder_cost,vet_cost,labour_cost,loan_payment,other_expense,total_expense,net_cashflow,savings_delta,upi_tx_count,upi_tx_volume,fodder_price_index,is_stress
E001,2025-01,2025,1,13,2842.5,38.94,110697.9,9.74,110707.64,31200.0,278.73,1378.72,0.0,699.0,33556.45,77151.19,23145.36,17,1675.11,1.0,0
E001,2025-02,2025,2,14,3630.4,39.23,142422.57,473.47,142896.05,33600.0,25.7,985.99,0.0,241.53,34853.21,108042.83,32412.85,32,10402.14,1.0,0
E001,2025-03,2025,3,12,2485.2,37.56,93330.53,329.88,93660.4,30240.0,284.05,665.13,0.0,516.6,31705.79,61954.62,18586.39,27,10492.1,1.05,0
E001,2025-04,2025,4,14,2837.4,41.0,116335.92,377.63,116713.56,36960.0,206.96,1212.95,0.0,439.4,38819.3,77894.25,23368.28,29,5785.34,1.1,0
E001,2025-05,2025,5,14,2495.7,37.11,92611.17,225.74,92836.92,40320.0,74.37,564.03,0.0,212.62,41171.02,51665.9,15499.77,25,6707.52,1.2,0
E001,2025-06,2025,6,12,1857.7,37.12,68957.14,35.5,68992.63,36000.0,189.33,728.94,0.0,743.25,37661.52,31331.11,9399.33,35,3593.6,1.25,0
E001,2025-07,2025,7,12,1532.1,38.46,58924.54,139.24,59063.78,37440.0,145.62,1039.23,0.0,634.01,39258.87,19804.91,5941.47,36,9517.96,1.3,0
E001,2025-08,2025,8,12,1796.7,34.72,62387.26,392.31,62779.57,36864.0,242.25,690.41,0.0,258.16,38054.82,24724.76,7417.43,21,4526.45,1.28,0
E001,2025-09,2025,9,13,2196.5,36.08,79241.04,431.92,79672.96,37440.0,16.25,1153.46,0.0,587.71,39197.41,40475.54,12142.66,9,2817.26,1.2,0
E001,2025-10,2025,10,12,2032.5,36.27,73728.72,124.33,73853.05,31680.0,57.06,948.61,0.0,453.13,33138.81,40714.24,12214.27,16,2559.01,1.1,0
E001,2025-11,2025,11,12,2486.9,40.78,101425.75,221.57,101647.32,30240.0,258.4,1050.33,0.0,230.35,31779.08,69868.24,20960.47,39,13553.62,1.05,0
E001,2025-12,2025,12,12,2350.8,38.13,89631.58,463.18,90094.77,28800.0,254.61,666.31,0.0,491.38,30212.3,59882.46,17964.74,14,2916.66,1.0,0
E001,2026-01,2026,1,12,2676.7,36.97,98947.64,82.32,99029.96,28800.0,0.65,890.42,0.0,755.91,30446.98,68582.98,20574.89,33,5652.23,1.0,0
E001,2026-02,2026,2,14,3333.4,35.81,119378.13,478.66,119856.79,33600.0,298.63,1055.77,0.0,631.04,35585.44,84271.35,25281.4,12,2099.36,1.0,0
E001,2026-03,2026,3,12,2473.5,36.86,91170.23,289.59,91459.82,30240.0,162.66,1247.98,0.0,234.3,31884.93,59574.88,17872.47,26,6263.72,1.05,0
E001,2026-04,2026,4,14,3069.4,36.86,113129.44,78.72,113208.16,36960.0,288.23,580.11,0.0,311.49,38139.84,75068.32,22520.5,27,7993.84,1.1,0
E001,2026-05,2026,5,12,1876.7,37.97,71267.17,201.89,71469.06,34560.0,282.48,1069.68,0.0,547.35,36459.51,35009.56,10502.87,9,956.11,1.2,0
E001,2026-06,2026,6,14,2031.3,39.56,80365.21,291.84,80657.05,42000.0,156.83,1434.71,0.0,322.56,43914.1,36742.95,11022.89,30,4691.39,1.25,0
E002,2025-01,2025,1,13,2061.9,38.4,79172.04,322.75,79494.79,31200.0,137.17,1429.02,0.0,761.44,33527.63,45967.16,13790.15,8,2230.17,1.0,0
E002,2025-02,2025,2,13,2596.7,35.48,92122.09,498.05,92620.14,31200.0,21.98,713.15,0.0,359.12,32294.25,60325.88,18097.77,37,13389.43,1.0,0
E002,2025-03,2025,3,11,2002.1,39.4,78889.98,184.76,79074.74,27720.0,47.32,1333.74,0.0,622.12,29723.19,49351.55,14805.46,27,10689.69,1.05,0
E002,2025-04,2025,4,13,2061.0,37.78,77864.34,264.47,78128.81,34320.0,200.36,1054.6,0.0,759.05,36334.01,41794.8,12538.44,11,3971.01,1.1,0
E002,2025-05,2025,5,12,1643.8,35.19,57845.1,57.71,57902.81,34560.0,32.11,1053.22,0.0,363.41,36008.74,21894.07,6568.22,27,8360.17,1.2,0
E002,2025-06,2025,6,11,1632.1,37.12,60589.9,343.75,60933.65,33000.0,255.87,1005.41,0.0,350.67,34611.96,26321.69,7896.51,37,3561.46,1.25,0
E002,2025-07,2025,7,13,1432.1,38.65,55354.62,211.79,55566.4,40560.0,83.0,503.55,0.0,662.67,41809.22,13757.18,4127.15,28,4587.12,1.3,0
E002,2025-08,2025,8,13,1680.5,38.62,64894.68,220.92,65115.6,39936.0,211.7,1060.91,0.0,267.12,41475.73,23639.87,7091.96,38,11442.8,1.28,0
E002,2025-09,2025,9,11,1617.9,36.71,59399.22,272.8,59672.02,31680.0,250.38,1082.51,0.0,288.86,33301.74,26370.27,7911.08,12,2143.71,1.2,0
E002,2025-10,2025,10,11,1920.1,39.96,76724.37,449.46,77173.83,29040.0,63.02,749.53,0.0,261.68,30114.23,47059.6,14117.88,32,11613.54,1.1,0
E002,2025-11,2025,11,12,2101.3,36.41,76498.91,486.92,76985.83,30240.0,224.84,1425.76,0.0,342.04,32232.65,44753.18,13425.95,13,4367.53,1.05,0
E002,2025-12,2025,12,11,2230.6,38.63,86165.97,440.71,86606.68,26400.0,7.44,1236.56,0.0,399.31,28043.31,58563.37,17569.01,37,12458.46,1.0,0
E002,2026-01,2026,1,13,2409.0,37.09,89348.05,405.37,89753.43,31200.0,80.04,1287.37,0.0,264.86,32832.27,56921.15,17076.35,35,12416.24,1.0,0
E002,2026-02,2026,2,11,1956.1,35.9,70221.59,99.79,70321.37,26400.0,275.54,849.66,0.0,692.32,28217.52,42103.86,12631.16,35,5296.74,1.0,0
E002,2026-03,2026,3,13,2587.4,39.54,102315.76,96.56,102412.33,32760.0,98.48,1364.35,0.0,780.13,35002.96,67409.36,20222.81,16,4564.39,1.05,0
E002,2026-04,2026,4,12,2105.9,37.86,79736.18,339.76,80075.94,31680.0,253.1,831.15,0.0,216.56,32980.81,47095.14,14128.54,36,5889.2,1.1,0
E002,2026-05,2026,5,13,1792.0,38.69,69328.5,481.27,69809.77,37440.0,79.64,608.4,0.0,460.74,38588.78,31220.99,9366.3,31,5591.68,1.2,0
E002,2026-06,2026,6,13,1997.2,38.69,77265.74,492.12,77757.85,39000.0,34.69,1399.5,0.0,314.05,40748.25,37009.61,11102.88,9,1975.85,1.25,0
E003,2025-01,2025,1,15,5068.3,37.93,192251.73,343.43,192595.16,36000.0,282.08,1237.04,0.0,318.22,37837.34,154757.82,46427.35,0,0.0,1.0,0
E003,2025-02,2025,2,15,5018.9,33.02,165736.33,460.39,166196.72,36000.0,186.95,1163.39,0.0,274.78,37625.11,128571.61,38571.48,0,0.0,1.0,0
E003,2025-03,2025,3,15,4196.9,38.17,160176.23,154.64,160330.87,37800.0,122.52,902.4,0.0,377.39,39202.31,121128.56,36338.57,0,0.0,1.05,0
E003,2025-04,2025,4,14,3053.6,38.17,116567.92,332.46,116900.38,36960.0,113.74,1248.13,0.0,304.42,38626.29,78274.09,23482.23,0,0.0,1.1,0
E003,2025-05,2025,5,14,3341.5,37.58,125582.79,273.97,125856.76,40320.0,0.12,786.91,0.0,457.93,41564.97,84291.79,25287.54,0,0.0,1.2,0
E003,2025-06,2025,6,15,3140.2,40.81,128144.12,161.12,128305.25,45000.0,132.54,1175.63,0.0,506.7,46814.87,81490.38,24447.11,0,0.0,1.25,0
E003,2025-07,2025,7,15,2948.0,36.46,107494.31,84.85,107579.16,46800.0,25.44,1015.45,0.0,579.76,48420.66,59158.5,17747.55,0,0.0,1.3,0
E003,2025-08,2025,8,13,2841.0,39.74,112900.22,336.4,113236.62,39936.0,67.39,699.13,0.0,214.66,40917.18,72319.44,21695.83,0,0.0,1.28,0
E003,2025-09,2025,9,14,3262.7,36.99,120699.59,305.64,121005.22,40320.0,230.55,955.42,0.0,731.68,42237.65,78767.58,23630.27,0,0.0,1.2,0
E003,2025-10,2025,10,15,4191.7,38.18,160058.19,348.18,160406.37,39600.0,148.31,743.98,0.0,593.63,41085.93,119320.44,35796.13,0,0.0,1.1,0
E003,2025-11,2025,11,13,3628.8,36.67,133052.79,389.21,133442.0,32760.0,65.65,1304.11,0.0,617.55,34747.31,98694.69,29608.41,0,0.0,1.05,0
E003,2025-12,2025,12,15,3977.1,37.25,148167.13,124.6,148291.73,36000.0,254.5,956.46,0.0,680.85,37891.81,110399.91,33119.97,0,0.0,1.0,0
E003,2026-01,2026,1,15,4598.6,38.56,177333.1,297.73,177630.82,36000.0,285.01,1391.43,0.0,567.59,38244.03,139386.79,41816.04,0,0.0,1.0,0
E003,2026-02,2026,2,15,4620.9,38.01,175638.02,213.37,175851.39,36000.0,272.06,945.91,0.0,295.49,37513.46,138337.92,41501.38,0,0.0,1.0,0
E003,2026-03,2026,3,14,3878.1,35.31,136937.12,129.6,137066.72,35280.0,74.17,1137.66,0.0,659.49,37151.32,99915.4,29974.62,0,0.0,1.05,0
E003,2026-04,2026,4,15,3640.6,37.35,135970.9,119.62,136090.52,39600.0,131.96,1213.54,0.0,340.7,41286.2,94804.32,28441.3,0,0.0,1.1,0
E003,2026-05,2026,5,15,3593.3,37.69,135442.83,40.29,135483.12,43200.0,45.25,883.04,0.0,291.68,44419.97,91063.15,27318.94,0,0.0,1.2,0
E003,2026-06,2026,6,14,3100.3,41.58,128922.24,203.8,129126.04,42000.0,162.78,915.77,0.0,324.1,43402.66,85723.38,25717.01,0,0.0,1.25,0
E004,2025-01,2025,1,9,3454.2,38.49,132950.08,473.03,133423.11,21600.0,5.86,1380.66,833.0,545.41,24364.93,109058.18,32717.45,23,8778.58,1.0,0
E004,2025-02,2025,2,8,3222.4,34.35,110701.71,376.74,111078.45,19200.0,256.03,1453.43,833.0,451.41,22193.88,88884.57,26665.37,31,7897.63,1.0,0
E004,2025-03,2025,3,9,3970.6,38.11,151336.65,448.91,151785.56,22680.0,146.47,772.94,833.0,491.39,24923.79,126861.77,38058.53,20,5880.79,1.05,0
E004,2025-04,2025,4,8,2732.0,37.63,102815.71,362.09,103177.8,21120.0,252.15,1419.54,833.0,788.43,24413.13,78764.67,23629.4,25,9255.43,1.1,0
E004,2025-05,2025,5,9,2434.1,37.93,92335.41,282.2,92617.61,25920.0,8.13,1142.75,833.0,281.42,28185.3,64432.31,19329.69,22,2114.0,1.2,0
E004,2025-06,2025,6,8,2381.5,40.17,95669.36,163.68,95833.04,24000.0,136.41,837.5,833.0,727.78,26534.69,69298.34,20789.5,16,6150.17,1.25,0
E004,2025-07,2025,7,8,1952.8,39.5,77140.84,126.14,77266.98,24960.0,24.57,519.38,833.0,523.65,26860.61,50406.37,15121.91,39,7487.51,1.3,0
E004,2025-08,2025,8,9,2187.7,40.67,88962.88,34.31,88997.19,27648.0,287.19,540.26,833.0,218.62,29527.06,59470.13,17841.04,15,5228.3,1.28,0
E004,2025-09,2025,9,9,3044.3,39.12,119078.23,76.19,119154.42,25920.0,37.87,1169.46,833.0,538.38,28498.71,90655.72,27196.72,14,4253.6,1.2,0
E004,2025-10,2025,10,8,2546.7,36.12,91983.38,83.89,92067.27,21120.0,182.17,1247.93,833.0,268.72,23651.82,68415.45,20524.64,34,13216.16,1.1,0
E004,2025-11,2025,11,7,2475.9,38.19,94554.46,289.34,94843.8,17640.0,278.67,0.0,833.0,545.48,19297.14,75546.66,22664.0,37,7403.63,1.05,0
E004,2025-12,2025,12,9,3494.0,35.05,122476.36,99.16,122575.53,21600.0,177.63,1330.57,833.0,345.71,24286.91,98288.62,29486.58,30,5295.19,1.0,0
E004,2026-01,2026,1,9,3606.6,35.98,129769.7,300.21,130069.9,21600.0,36.32,1483.84,833.0,669.58,24622.74,105447.16,31634.15,19,4124.54,1.0,0
E004,2026-02,2026,2,8,3629.6,36.25,131584.37,34.48,131618.85,19200.0,194.26,512.65,833.0,452.04,21191.95,110426.9,33128.07,23,5030.73,1.0,0
E004,2026-03,2026,3,8,2872.4,36.51,104877.82,317.79,105195.61,20160.0,248.61,1207.31,833.0,461.29,22910.21,82285.39,24685.62,31,12057.5,1.05,0
E004,2026-04,2026,4,8,2404.9,39.55,95104.35,307.96,95412.31,21120.0,275.89,1274.64,833.0,478.92,23982.45,71429.86,21428.96,34,9166.12,1.1,0
E004,2026-05,2026,5,8,2636.4,38.43,101322.24,425.86,101748.1,23040.0,249.22,586.66,833.0,728.98,25437.86,76310.24,22893.07,15,3430.6,1.2,0
E004,2026-06,2026,6,9,2564.5,34.95,89619.45,334.09,89953.55,27000.0,100.92,994.31,833.0,395.01,29323.23,60630.31,18189.09,23,4451.51,1.25,0
E005,2025-01,2025,1,8,2468.5,38.49,95022.14,440.16,95462.3,19200.0,210.36,776.27,1389.0,206.09,21781.71,73680.58,22104.18,38,4081.05,1.0,0
E005,2025-02,2025,2,9,2443.8,35.65,87119.5,203.21,87322.71,21600.0,166.55,740.32,1389.0,485.66,24381.53,62941.18,18882.35,30,6702.48,1.0,0
E005,2025-03,2025,3,7,1986.5,38.99,77457.05,46.53,77503.58,17640.0,66.48,0.0,1389.0,615.07,19710.55,57793.03,17337.91,17,4523.66,1.05,0
E005,2025-04,2025,4,8,2062.0,38.48,79337.73,276.74,79614.47,21120.0,103.13,1496.63,1389.0,530.23,24638.99,54975.48,16492.64,19,4278.77,1.1,0
E005,2025-05,2025,5,8,1828.6,36.71,67122.52,125.7,67248.23,23040.0,36.2,692.58,1389.0,271.73,25429.51,41818.71,12545.61,25,8097.52,1.2,0
E005,2025-06,2025,6,7,1393.9,38.56,53744.85,95.77,53840.62,21000.0,221.58,0.0,1389.0,365.9,22976.48,30864.14,9259.24,26,8404.93,1.25,0
E005,2025-07,2025,7,9,1849.5,41.54,76839.49,141.5,76980.99,28080.0,30.16,694.12,1389.0,336.49,30529.77,46451.22,13935.37,13,1098.86,1.3,0
E005,2025-08,2025,8,9,1950.6,35.74,69708.46,63.29,69771.75,27648.0,13.65,554.53,1389.0,375.28,29980.46,39791.29,11937.39,38,10796.5,1.28,0
E005,2025-09,2025,9,8,1840.9,36.15,66544.63,51.29,66595.92,23040.0,3.68,784.34,1389.0,487.23,25704.25,40891.67,12267.5,18,7001.27,1.2,0
E005,2025-10,2025,10,8,1874.7,40.2,75364.26,470.53,75834.79,21120.0,143.32,1322.12,1389.0,440.42,24414.86,51419.93,15425.98,10,2814.23,1.1,0
E005,2025-11,2025,11,7,2004.5,39.83,79839.14,75.86,79915.01,17640.0,243.34,0.0,1389.0,769.48,20041.82,59873.19,17961.96,10,1594.21,1.05,0
E005,2025-12,2025,12,9,3010.2,39.56,119089.14,382.22,119471.36,21600.0,181.9,1290.74,1389.0,335.41,24797.05,94674.32,28402.29,24,5379.95,1.0,0
E005,2026-01,2026,1,8,2183.1,37.53,81940.47,148.68,82089.14,19200.0,176.56,928.83,1389.0,541.18,22235.57,59853.58,17956.07,9,3485.11,1.0,0
E005,2026-02,2026,2,7,1986.5,33.41,66359.26,473.8,66833.06,16800.0,62.34,0.0,1389.0,326.62,18577.95,48255.11,14476.53,29,3777.49,1.0,1
E005,2026-03,2026,3,7,1993.4,34.83,69419.13,276.0,69695.13,17640.0,46.96,0.0,1389.0,445.11,22449.23,47245.9,14173.77,30,6911.16,1.05,1
E005,2026-04,2026,4,7,1591.0,35.44,56391.2,115.74,56506.94,18480.0,212.09,0.0,1389.0,621.79,23808.31,32698.63,9809.59,22,6599.19,1.1,1
E005,2026-05,2026,5,8,1703.4,34.98,59588.11,393.91,59982.03,23040.0,187.52,1161.18,1389.0,760.2,30518.59,29463.44,8839.03,21,5339.46,1.2,1
E005,2026-06,2026,6,9,1967.3,34.5,67865.79,74.49,67940.29,27000.0,79.69,642.24,1389.0,235.78,33748.72,34191.57,10257.47,33,8923.67,1.25,1
E006,2025-01,2025,1,12,3540.9,39.19,138764.07,219.58,138983.65,28800.0,140.61,804.09,833.0,441.51,31019.21,107964.44,32389.33,16,4044.71,1.0,0
E006,2025-02,2025,2,12,4127.8,35.97,148457.69,40.22,148497.91,28800.0,11.96,932.03,833.0,393.39,30970.38,117527.53,35258.26,16,1747.59,1.0,0
E006,2025-03,2025,3,13,4155.8,37.58,156154.07,417.98,156572.05,32760.0,172.56,1450.79,833.0,799.74,36016.09,120555.96,36166.79,29,4821.06,1.05,0
E006,2025-04,2025,4,11,2992.1,38.9,116388.79,381.55,116770.35,29040.0,52.56,1018.96,833.0,465.34,31409.86,85360.49,25608.15,16,6384.36,1.1,0
E006,2025-05,2025,5,12,2581.6,36.39,93947.2,317.39,94264.59,34560.0,147.52,591.24,833.0,408.78,36540.54,57724.05,17317.22,18,5299.97,1.2,0
E006,2025-06,2025,6,11,2708.0,37.15,100607.95,164.9,100772.85,33000.0,208.1,788.22,833.0,767.12,35596.44,65176.42,19552.92,34,8705.05,1.25,0
E006,2025-07,2025,7,12,2333.7,38.41,89629.27,44.03,89673.3,37440.0,75.72,615.92,833.0,663.53,39628.17,50045.13,15013.54,35,12039.18,1.3,0
E006,2025-08,2025,8,11,2547.2,38.33,97632.15,328.83,97960.98,33792.0,162.78,913.25,833.0,312.55,36013.58,61947.41,18584.22,19,6119.17,1.28,0
E006,2025-09,2025,9,13,3107.8,36.32,112878.68,221.02,113099.7,37440.0,15.48,767.06,833.0,278.61,39334.15,73765.56,22129.67,17,6151.81,1.2,0
E006,2025-10,2025,10,12,2983.0,38.11,113683.6,60.71,113744.32,31680.0,291.94,1108.87,833.0,343.58,34257.39,79486.92,23846.08,13,3331.49,1.1,0
E006,2025-11,2025,11,13,4107.6,38.68,158879.76,204.0,159083.75,32760.0,67.41,1341.41,833.0,268.08,35269.89,123813.86,37144.16,38,10916.15,1.05,0
E006,2025-12,2025,12,11,3778.6,40.06,151361.72,249.19,151610.91,26400.0,214.98,1008.87,833.0,364.05,28820.91,122790.0,36837.0,34,13385.06,1.0,0
E006,2026-01,2026,1,11,3223.3,35.38,114049.93,228.39,114278.32,26400.0,43.39,690.61,833.0,559.63,28526.63,85751.69,25725.51,31,3834.16,1.0,0
E006,2026-02,2026,2,11,3792.9,38.98,147843.6,138.12,147981.72,26400.0,237.0,914.94,833.0,760.55,29145.49,118836.23,35650.87,24,8221.82,1.0,0
E006,2026-03,2026,3,12,4747.3,38.98,185041.64,363.03,185404.66,30240.0,251.24,1079.92,833.0,595.96,33000.13,152404.53,45721.36,35,7801.33,1.05,0
E006,2026-04,2026,4,12,3581.5,39.08,139980.38,172.56,140152.95,31680.0,165.58,1043.43,833.0,473.21,34195.21,105957.73,31787.32,18,2526.64,1.1,0
E006,2026-05,2026,5,13,3348.2,39.81,133302.11,119.4,133421.51,37440.0,114.89,1356.01,833.0,446.47,40190.37,93231.14,27969.34,18,4164.34,1.2,0
E006,2026-06,2026,6,12,2932.7,37.4,109684.83,193.04,109877.87,36000.0,199.11,1320.75,833.0,788.49,39141.35,70736.52,21220.96,23,2112.46,1.25,0
E007,2025-01,2025,1,10,1974.9,36.53,72144.96,166.0,72310.96,24000.0,30.11,1345.04,833.0,259.83,26467.98,45842.98,13752.89,37,3141.72,1.0,0
E007,2025-02,2025,2,8,1694.6,37.08,62833.07,204.99,63038.06,19200.0,196.43,654.36,833.0,481.69,21365.49,41672.57,12501.77,39,7345.24,1.0,0
E007,2025-03,2025,3,10,1634.5,42.4,69297.76,198.74,69496.5,25200.0,24.09,828.57,833.0,604.61,27490.27,42006.23,12601.87,25,9633.12,1.05,0
E007,2025-04,2025,4,10,1514.2,39.3,59514.09,359.36,59873.45,26400.0,227.82,1372.38,833.0,221.54,29054.74,30818.71,9245.61,10,2819.72,1.1,0
E007,2025-05,2025,5,9,1521.9,37.1,56467.86,498.71,56966.57,25920.0,224.03,933.97,833.0,259.07,28170.07,28796.5,8638.95,28,10058.31,1.2,0
E007,2025-06,2025,6,9,1204.0,38.12,45898.94,83.18,45982.12,27000.0,89.84,528.95,833.0,394.62,28846.41,17135.71,5140.71,9,1752.37,1.25,0
E007,2025-07,2025,7,9,1302.4,36.64,47721.43,72.78,47794.21,28080.0,159.35,1065.93,833.0,675.51,30813.79,16980.42,5094.13,13,1368.51,1.3,0
E007,2025-08,2025,8,9,1306.9,36.61,47848.84,309.86,48158.7,27648.0,72.25,1412.83,833.0,285.87,30251.95,17906.75,5372.02,22,3548.0,1.28,0
E007,2025-09,2025,9,9,1280.1,38.09,48756.13,333.42,49089.55,25920.0,269.67,965.25,833.0,372.58,28360.5,20729.04,6218.71,25,2590.9,1.2,0
E007,2025-10,2025,10,9,1644.0,42.07,69168.78,493.83,69662.6,23760.0,89.75,1462.03,833.0,614.19,26758.96,42903.64,12871.09,22,3886.94,1.1,0
E007,2025-11,2025,11,9,1755.1,34.15,59942.13,426.67,60368.8,22680.0,32.0,881.36,833.0,415.38,24841.74,35527.07,10658.12,17,5164.08,1.05,0
E007,2025-12,2025,12,8,1720.2,36.74,63205.39,488.97,63694.36,19200.0,197.47,774.48,833.0,539.56,21544.51,42149.86,12644.96,29,9230.53,1.0,0
E007,2026-01,2026,1,8,1595.6,36.49,58230.83,455.31,58686.14,19200.0,223.55,1332.84,833.0,741.76,22331.15,36354.99,10906.5,32,4916.41,1.0,0
E007,2026-02,2026,2,9,2025.2,38.96,78902.0,109.5,79011.51,21600.0,57.04,750.63,833.0,653.35,23894.01,55117.49,16535.25,32,9531.96,1.0,0
E007,2026-03,2026,3,8,1496.1,35.72,53438.58,314.12,53752.7,20160.0,271.02,1146.34,833.0,385.36,22795.72,30956.98,9287.09,22,5840.2,1.05,0
E007,2026-04,2026,4,10,1647.6,37.1,61123.31,65.71,61189.02,26400.0,272.89,826.72,833.0,449.3,28781.91,32407.11,9722.13,14,4643.58,1.1,0
E007,2026-05,2026,5,9,1445.3,41.35,59769.72,265.43,60035.15,25920.0,274.05,1330.47,833.0,354.18,28711.7,31323.45,9397.03,34,7962.5,1.2,0
E007,2026-06,2026,6,9,1414.3,35.6,50356.97,373.28,50730.25,27000.0,101.61,615.17,833.0,777.74,29327.52,21402.73,6420.82,12,4671.36,1.25,0
E008,2025-01,2025,1,13,2833.0,42.03,119078.98,337.2,119416.18,31200.0,119.22,1345.74,1389.0,534.39,34588.36,84827.82,25448.35,10,2062.64,1.0,0
E008,2025-02,2025,2,12,2427.6,35.11,85239.72,268.29,85508.0,28800.0,136.44,1172.83,1389.0,603.4,32101.67,53406.33,16021.9,26,8922.51,1.0,0
E008,2025-03,2025,3,12,2175.3,40.41,87896.03,54.17,87950.21,30240.0,70.15,525.02,1389.0,730.54,32954.71,54995.5,16498.65,25,9322.05,1.05,0
E008,2025-04,2025,4,11,2030.9,38.84,78885.21,323.83,79209.03,29040.0,190.62,964.27,1389.0,620.65,32204.54,47004.5,14101.35,28,3285.42,1.1,0
E008,2025-05,2025,5,11,1702.9,36.24,61711.18,473.13,62184.31,31680.0,91.31,992.62,1389.0,258.32,34411.25,27773.06,8331.92,36,4442.85,1.2,0
E008,2025-06,2025,6,12,1612.8,31.84,51355.03,185.51,51540.53,36000.0,284.81,1196.48,1389.0,524.12,39394.41,12146.12,3643.84,26,8125.3,1.25,0
E008,2025-07,2025,7,12,1482.6,37.52,55627.03,327.46,55954.49,37440.0,250.11,1115.65,1389.0,763.43,40958.19,14996.3,4498.89,16,4814.24,1.3,0
E008,2025-08,2025,8,11,1390.5,41.1,57151.68,221.69,57373.37,33792.0,285.17,1355.45,1389.0,259.61,37081.23,20292.14,6087.64,29,7372.64,1.28,0
E008,2025-09,2025,9,13,1971.2,37.16,73256.9,179.34,73436.24,37440.0,119.44,689.81,1389.0,273.3,39911.55,33524.69,10057.41,35,7892.83,1.2,0
E008,2025-10,2025,10,13,2000.4,40.74,81494.78,106.05,81600.83,34320.0,191.85,1471.09,1389.0,230.35,37602.29,43998.54,13199.56,18,7135.61,1.1,0
E008,2025-11,2025,11,13,2500.0,40.21,100524.82,102.6,100627.43,32760.0,248.95,1054.21,1389.0,551.83,36003.98,64623.44,19387.03,34,5255.03,1.05,0
E008,2025-12,2025,12,11,2296.2,36.14,82972.01,394.32,83366.33,26400.0,178.79,777.27,1389.0,790.42,29535.49,53830.84,16149.25,39,9861.89,1.0,0
E008,2026-01,2026,1,11,2108.0,38.38,80900.32,54.96,80955.28,26400.0,259.93,631.8,1389.0,414.95,29095.68,51859.6,15557.88,33,8858.29,1.0,0
E008,2026-02,2026,2,11,2243.6,38.13,85554.03,87.12,85641.15,26400.0,15.72,1241.72,1389.0,515.65,29562.09,56079.06,16823.72,31,7204.36,1.0,0
E008,2026-03,2026,3,12,2427.9,38.22,92785.36,256.62,93041.98,30240.0,32.72,1003.84,1389.0,767.25,33432.8,59609.17,17882.75,9,2975.69,1.05,0
E008,2026-04,2026,4,13,2036.2,41.01,83513.52,260.73,83774.24,34320.0,137.41,1464.03,1389.0,236.5,37546.93,46227.31,13868.19,23,4795.9,1.1,0
E008,2026-05,2026,5,13,1706.4,42.05,71757.02,53.98,71811.0,37440.0,213.72,943.56,1389.0,739.56,40725.84,31085.16,9325.55,18,2294.4,1.2,0
E008,2026-06,2026,6,11,1686.2,37.71,63589.09,137.51,63726.6,33000.0,189.92,1048.36,1389.0,395.11,36022.39,27704.21,8311.26,39,9741.35,1.25,0
E009,2025-01,2025,1,14,4741.0,38.53,182690.62,215.1,182905.72,33600.0,237.93,614.41,833.0,592.83,35878.17,147027.55,44108.27,36,9231.38,1.0,0
E009,2025-02,2025,2,12,4294.9,37.6,161506.19,215.03,161721.22,28800.0,266.43,913.81,833.0,696.45,31509.69,130211.53,39063.46,20,6269.52,1.0,0
E009,2025-03,2025,3,13,4723.2,36.88,174192.45,213.38,174405.83,32760.0,199.53,874.3,833.0,291.58,34958.42,139447.41,41834.22,37,3754.86,1.05,0
E009,2025-04,2025,4,12,3488.9,38.68,134943.03,46.62,134989.64,31680.0,28.97,1238.8,833.0,687.06,34467.83,100521.81,30156.54,25,6691.72,1.1,0
E009,2025-05,2025,5,14,3950.4,39.71,156866.82,280.84,157147.66,40320.0,201.0,910.81,833.0,724.16,42988.98,114158.69,34247.61,38,8182.91,1.2,0
E009,2025-06,2025,6,14,3811.6,39.54,150726.94,25.72,150752.66,42000.0,86.29,812.45,833.0,262.16,43993.9,106758.76,32027.63,24,3108.33,1.25,0
E009,2025-07,2025,7,13,3017.4,36.42,109909.65,112.12,110021.78,40560.0,32.47,1345.37,833.0,420.54,43191.38,66830.4,20049.12,32,8438.78,1.3,0
E009,2025-08,2025,8,13,3445.8,39.42,135832.27,422.58,136254.85,39936.0,292.36,1318.43,833.0,568.14,42947.93,93306.91,27992.07,28,2475.23,1.28,0
E009,2025-09,2025,9,14,3754.4,37.96,142519.32,414.73,142934.05,40320.0,80.23,680.42,833.0,621.62,42535.27,100398.78,30119.63,17,3208.65,1.2,0
E009,2025-10,2025,10,12,3518.8,40.43,142256.42,90.7,142347.12,31680.0,42.98,1157.34,833.0,241.75,33955.07,108392.05,32517.62,31,12120.36,1.1,0
E009,2025-11,2025,11,12,4016.4,39.04,156796.84,373.06,157169.9,30240.0,64.54,919.83,833.0,404.54,32461.91,124707.99,37412.4,19,5907.3,1.05,0
E009,2025-12,2025,12,14,5428.2,37.59,204026.4,298.11,204324.51,33600.0,265.0,655.58,833.0,652.66,36006.24,168318.27,50495.48,9,954.95,1.0,0
E009,2026-01,2026,1,13,4934.7,39.57,195258.92,330.97,195589.89,31200.0,145.7,942.04,833.0,363.9,33484.64,162105.25,48631.57,32,3725.49,1.0,0
E009,2026-02,2026,2,13,4851.9,40.48,196408.48,55.44,196463.93,31200.0,203.47,1093.13,833.0,516.16,33845.76,162618.17,48785.45,17,2559.62,1.0,0
E009,2026-03,2026,3,14,4644.6,39.3,182512.11,27.39,182539.5,35280.0,61.33,1445.32,833.0,660.41,38280.06,144259.44,43277.83,32,5523.94,1.05,0
E009,2026-04,2026,4,12,3655.1,38.62,141146.75,3.86,141150.61,31680.0,224.1,675.69,833.0,428.12,33840.92,107309.69,32192.91,30,7202.52,1.1,0
E009,2026-05,2026,5,14,4039.2,38.18,154233.04,403.1,154636.14,40320.0,21.62,1361.76,833.0,225.38,42761.77,111874.37,33562.31,8,2998.18,1.2,0
E009,2026-06,2026,6,13,3933.6,36.45,143363.03,287.88,143650.91,39000.0,172.02,1209.5,833.0,450.62,41665.14,101985.78,30595.73,11,953.42,1.25,0
E010,2025-01,2025,1,7,1251.4,36.09,45160.18,230.05,45390.23,16800.0,206.88,0.0,0.0,417.11,17423.99,27966.23,8389.87,21,2391.4,1.0,0
E010,2025-02,2025,2,6,1320.7,40.2,53091.06,294.44,53385.49,14400.0,157.19,0.0,0.0,437.46,14994.65,38390.85,11517.25,17,3206.95,1.0,0
E010,2025-03,2025,3,6,1191.0,39.19,46670.46,389.56,47060.02,15120.0,22.91,0.0,0.0,579.93,15722.85,31337.17,9401.15,24,3409.18,1.05,0
E010,2025-04,2025,4,6,952.4,37.98,36167.27,175.55,36342.82,15840.0,287.47,0.0,0.0,587.27,16714.73,19628.08,5888.43,12,1354.77,1.1,0
E010,2025-05,2025,5,6,868.3,38.14,33119.29,98.64,33217.92,17280.0,180.72,0.0,0.0,656.13,18116.85,15101.07,4530.32,28,3827.23,1.2,0
E010,2025-06,2025,6,7,996.1,39.85,39698.95,247.06,39946.01,21000.0,226.33,0.0,0.0,655.93,21882.26,18063.75,5419.12,22,8266.05,1.25,0
E010,2025-07,2025,7,7,920.7,36.43,33542.65,321.5,33864.15,21840.0,295.96,0.0,0.0,393.92,22529.88,11334.26,3400.28,39,7065.41,1.3,0
E010,2025-08,2025,8,6,804.4,38.78,31198.68,34.14,31232.82,18432.0,132.66,0.0,0.0,381.69,18946.35,12286.46,3685.94,16,1567.6,1.28,0
E010,2025-09,2025,9,7,1053.3,36.44,38381.45,37.1,38418.55,20160.0,138.52,0.0,0.0,222.56,20521.09,17897.46,5369.24,19,3265.43,1.2,0
E010,2025-10,2025,10,7,1148.5,38.47,44175.83,432.13,44607.95,18480.0,256.59,0.0,0.0,569.01,19305.59,25302.36,7590.71,24,5473.63,1.1,0
E010,2025-11,2025,11,7,1347.6,37.11,50001.26,477.12,50478.37,17640.0,221.68,0.0,0.0,224.61,18086.29,32392.08,9717.62,37,9728.42,1.05,0
E010,2025-12,2025,12,5,878.5,35.25,30966.95,160.76,31127.71,12000.0,142.69,0.0,0.0,290.52,12433.21,18694.51,5608.35,9,1018.09,1.0,0
E010,2026-01,2026,1,6,1167.7,36.63,42779.15,491.19,43270.34,14400.0,25.3,0.0,0.0,587.68,15012.97,28257.37,8477.21,9,2757.95,1.0,0
E010,2026-02,2026,2,6,1388.6,38.59,53586.75,262.03,53848.78,14400.0,182.94,0.0,0.0,418.34,15001.28,38847.5,11654.25,37,7547.01,1.0,0
E010,2026-03,2026,3,6,1119.5,39.63,44364.9,339.45,44704.35,15120.0,15.71,0.0,0.0,578.53,15714.24,28990.11,8697.03,18,3339.02,1.05,0
E010,2026-04,2026,4,7,1101.0,37.96,41798.14,339.19,42137.33,18480.0,85.24,0.0,0.0,634.24,19199.48,22937.84,6881.35,29,10730.86,1.1,0
E010,2026-05,2026,5,5,747.3,37.96,28372.41,166.68,28539.09,14400.0,174.82,0.0,0.0,284.86,14859.68,13679.41,4103.82,19,7403.59,1.2,0
E010,2026-06,2026,6,7,941.3,38.61,36346.27,331.07,36677.33,21000.0,38.69,0.0,0.0,625.3,21663.99,15013.35,4504.0,10,2588.55,1.25,0
E011,2025-01,2025,1,14,3889.9,38.99,151653.63,406.59,152060.22,33600.0,201.03,1328.96,0.0,643.26,35773.26,116286.96,34886.09,29,7204.93,1.0,0
E011,2025-02,2025,2,15,4006.0,37.79,151399.48,335.23,151734.71,36000.0,152.55,518.23,0.0,385.32,37056.1,114678.61,34403.58,38,7195.47,1.0,0
E011,2025-03,2025,3,14,3201.3,39.31,125848.64,96.0,125944.64,35280.0,299.99,654.95,0.0,377.48,36612.41,89332.23,26799.67,33,8001.2,1.05,0
E011,2025-04,2025,4,15,3209.5,38.43,123326.76,417.56,123744.32,39600.0,265.1,537.75,0.0,402.06,40804.91,82939.41,24881.82,32,3901.94,1.1,0
E011,2025-05,2025,5,14,2511.9,38.19,95919.18,77.13,95996.31,40320.0,54.25,1192.85,0.0,574.84,42141.94,53854.37,16156.31,36,11188.03,1.2,0
E011,2025-06,2025,6,13,2433.2,38.05,92575.87,205.43,92781.3,39000.0,202.91,737.53,0.0,466.52,40406.96,52374.35,15712.3,17,5432.04,1.25,0
E011,2025-07,2025,7,14,2543.8,40.76,103678.19,117.0,103795.19,43680.0,71.75,1465.6,0.0,670.62,45887.97,57907.22,17372.17,36,5115.07,1.3,0
E011,2025-08,2025,8,15,2470.9,42.09,104002.62,473.57,104476.19,46080.0,295.33,961.68,0.0,369.06,47706.07,56770.11,17031.03,20,4975.74,1.28,0
E011,2025-09,2025,9,13,2433.7,39.66,96513.43,408.45,96921.88,37440.0,240.38,638.4,0.0,350.0,38668.78,58253.1,17475.93,28,10072.09,1.2,0
E011,2025-10,2025,10,15,2998.9,42.16,126436.41,467.15,126903.55,39600.0,213.42,1015.91,0.0,274.81,41104.14,85799.42,25739.82,10,1313.0,1.1,0
E011,2025-11,2025,11,14,3148.9,36.4,114634.25,452.65,115086.9,35280.0,44.2,937.47,0.0,767.85,37029.53,78057.37,23417.21,15,3365.41,1.05,0
E011,2025-12,2025,12,14,3319.3,33.96,112737.36,465.24,113202.59,33600.0,124.47,896.45,0.0,424.38,35045.3,78157.29,23447.19,20,2122.27,1.0,0
E011,2026-01,2026,1,13,3256.2,36.56,119039.43,14.09,119053.52,31200.0,279.25,1339.18,0.0,589.98,33408.4,85645.12,25693.54,33,4093.05,1.0,0
E011,2026-02,2026,2,14,4166.2,38.65,161021.42,458.7,161480.12,33600.0,141.74,1331.11,0.0,655.3,35728.15,125751.96,37725.59,23,6368.96,1.0,0
E011,2026-03,2026,3,13,2929.5,39.81,116611.3,9.5,116620.8,32760.0,64.7,649.52,0.0,764.14,34238.35,82382.45,24714.73,27,5816.92,1.05,0
E011,2026-04,2026,4,14,3110.3,36.29,112880.9,118.82,112999.72,36960.0,36.55,738.44,0.0,583.37,38318.37,74681.36,22404.41,27,2702.65,1.1,0
E011,2026-05,2026,5,14,3069.8,35.49,108951.93,298.37,109250.3,40320.0,4.93,1015.38,0.0,345.16,41685.47,67564.83,20269.45,12,2608.28,1.2,0
E011,2026-06,2026,6,15,2598.7,40.24,104572.43,176.41,104748.84,45000.0,171.2,687.31,0.0,600.93,46459.44,58289.4,17486.82,24,4689.44,1.25,0
E012,2025-01,2025,1,5,1682.4,34.75,58455.56,253.66,58709.22,12000.0,296.5,0.0,1389.0,532.49,14217.99,44491.23,13347.37,20,4608.86,1.0,0
E012,2025-02,2025,2,5,1744.2,37.78,65898.25,193.44,66091.69,12000.0,111.99,0.0,1389.0,648.39,14149.38,51942.31,15582.69,19,1930.76,1.0,0
E012,2025-03,2025,3,3,827.7,34.97,28945.58,366.47,29312.05,7560.0,188.48,0.0,1389.0,662.9,9800.38,19511.68,5853.5,31,5778.58,1.05,0
E012,2025-04,2025,4,3,789.6,38.01,30011.01,176.15,30187.16,7920.0,101.56,0.0,1389.0,585.68,9996.24,20190.92,6057.28,34,10169.35,1.1,0
E012,2025-05,2025,5,5,1231.4,37.14,45741.99,239.27,45981.26,14400.0,54.68,0.0,1389.0,280.91,16124.59,29856.66,8957.0,30,11458.61,1.2,0
E012,2025-06,2025,6,3,654.9,35.97,23556.13,146.72,23702.85,9000.0,13.14,0.0,1389.0,319.68,10721.82,12981.03,3894.31,9,3408.11,1.25,0
E012,2025-07,2025,7,5,1077.6,38.23,41194.93,199.11,41394.04,15600.0,244.62,0.0,1389.0,484.04,17717.66,23676.38,7102.91,9,2583.07,1.3,0
E012,2025-08,2025,8,4,783.6,39.35,30838.01,178.49,31016.49,12288.0,234.25,0.0,1389.0,719.48,14630.73,16385.76,4915.73,18,2156.98,1.28,0
E012,2025-09,2025,9,4,997.8,35.09,35008.43,218.48,35226.91,11520.0,120.01,0.0,1389.0,463.84,13492.85,21734.06,6520.22,38,7162.69,1.2,0
E012,2025-10,2025,10,3,739.5,38.63,28567.89,248.1,28815.99,7920.0,149.26,0.0,1389.0,754.59,10212.84,18603.15,5580.94,24,8072.82,1.1,0
E012,2025-11,2025,11,5,1462.4,40.95,59881.54,212.25,60093.79,12600.0,129.18,0.0,1389.0,797.06,14915.24,45178.55,13553.56,13,2262.07,1.05,0
E012,2025-12,2025,12,3,915.7,40.24,36849.17,40.03,36889.2,7200.0,198.28,0.0,1389.0,383.9,9171.17,27718.03,8315.41,27,5841.64,1.0,0
E012,2026-01,2026,1,5,1731.2,41.92,72562.66,221.95,72784.61,12000.0,134.14,0.0,1389.0,636.09,14159.23,58625.39,17587.62,37,10239.84,1.0,0
E012,2026-02,2026,2,4,1368.3,37.53,51347.42,137.28,51484.7,9600.0,294.01,0.0,1389.0,768.74,12051.75,39432.95,11829.88,10,2840.04,1.0,0
E012,2026-03,2026,3,4,1286.1,39.23,50449.67,256.54,50706.22,10080.0,224.97,0.0,1389.0,295.99,11989.96,38716.26,11614.88,8,2812.59,1.05,0
E012,2026-04,2026,4,5,1383.0,36.17,50016.77,390.66,50407.43,13200.0,10.44,0.0,1389.0,240.34,14839.78,35567.65,10670.29,32,6311.2,1.1,0
E012,2026-05,2026,5,4,806.4,40.01,32263.59,474.73,32738.33,11520.0,9.72,0.0,1389.0,292.06,13210.78,19527.55,5858.26,22,4371.59,1.2,0
E012,2026-06,2026,6,4,739.1,35.75,26424.73,381.54,26806.28,12000.0,172.18,0.0,1389.0,517.68,14078.85,12727.42,3818.23,20,5757.19,1.25,0
E013,2025-01,2025,1,10,3594.1,37.49,134736.61,12.96,134749.56,24000.0,55.81,1017.75,3333.0,748.13,29154.69,105594.88,31678.46,11,3607.87,1.0,0
E013,2025-02,2025,2,12,4289.5,40.85,175244.32,223.14,175467.46,28800.0,298.91,785.58,3333.0,749.89,33967.37,141500.08,42450.03,23,2742.61,1.0,0
E013,2025-03,2025,3,10,2886.3,41.09,118609.89,226.02,118835.91,25200.0,269.6,945.11,3333.0,252.67,30000.39,88835.52,26650.66,29,10166.44,1.05,0
E013,2025-04,2025,4,11,3214.7,34.76,111754.48,333.92,112088.4,29040.0,212.86,1050.0,3333.0,374.22,34010.08,78078.33,23423.5,17,2216.83,1.1,0
E013,2025-05,2025,5,12,3143.6,38.73,121749.07,463.66,122212.73,34560.0,191.31,1293.7,3333.0,505.25,39883.26,82329.47,24698.84,11,1587.45,1.2,0
E013,2025-06,2025,6,10,2454.4,34.07,83625.14,118.37,83743.51,30000.0,148.21,860.9,3333.0,543.37,34885.47,48858.04,14657.41,22,8680.4,1.25,0
E013,2025-07,2025,7,10,2441.7,35.52,86731.35,305.97,87037.32,31200.0,25.86,809.29,3333.0,799.76,36167.91,50869.41,15260.82,31,7694.9,1.3,0
E013,2025-08,2025,8,11,2451.9,38.7,94879.02,411.67,95290.69,33792.0,22.13,1472.38,3333.0,585.4,39204.91,56085.78,16825.74,22,6547.97,1.28,0
E013,2025-09,2025,9,11,2551.0,37.02,94447.43,64.17,94511.6,31680.0,248.72,1051.3,3333.0,552.67,36865.69,57645.91,17293.77,32,3881.3,1.2,0
E013,2025-10,2025,10,12,3791.8,37.88,143635.57,455.36,144090.93,31680.0,16.62,624.16,3333.0,291.81,35945.59,108145.34,32443.6,13,2382.27,1.1,0
E013,2025-11,2025,11,12,4050.4,36.13,146329.16,112.74,146441.89,30240.0,284.24,1018.9,3333.0,370.43,35246.57,111195.32,33358.6,10,1428.17,1.05,0
E013,2025-12,2025,12,12,3820.1,36.99,141314.44,137.23,141451.66,28800.0,187.51,1114.43,3333.0,256.06,33690.99,107760.67,32328.2,28,7542.6,1.0,0
E013,2026-01,2026,1,12,3741.0,37.8,141397.1,77.1,141474.2,28800.0,197.62,1220.63,3333.0,563.08,34114.34,107359.86,32207.96,34,8852.16,1.0,0
E013,2026-02,2026,2,10,3213.0,33.99,109215.89,40.61,109256.51,24000.0,284.56,1271.02,3333.0,358.79,29247.38,80009.13,24002.74,14,3683.17,1.0,1
E013,2026-03,2026,3,12,3904.4,38.39,149906.23,319.5,150225.73,30240.0,149.41,1127.16,3333.0,373.8,40506.89,109718.84,32915.65,38,8912.61,1.05,1
E013,2026-04,2026,4,12,3045.5,33.74,102744.52,203.05,102947.57,31680.0,136.06,1188.61,3333.0,294.85,42127.4,60820.16,18246.05,21,4801.05,1.1,1
E013,2026-05,2026,5,11,2412.4,34.76,83862.63,303.33,84165.96,31680.0,93.77,1218.36,3333.0,640.52,42510.51,41655.45,12496.63,35,13724.19,1.2,1
E013,2026-06,2026,6,10,2228.5,36.03,80302.02,380.33,80682.35,30000.0,154.49,606.18,3333.0,345.04,39604.53,41077.83,12323.35,11,2462.58,1.25,1
E014,2025-01,2025,1,9,2918.2,36.99,107949.5,145.11,108094.6,21600.0,115.24,1115.38,2222.0,348.96,25401.58,82693.02,24807.91,35,4588.64,1.0,0
E014,2025-02,2025,2,10,2899.1,37.48,108651.1,466.88,109117.98,24000.0,216.34,689.83,2222.0,295.61,27423.78,81694.2,24508.26,39,8945.85,1.0,0
E014,2025-03,2025,3,10,3599.3,35.12,126411.01,248.69,126659.7,25200.0,27.01,893.24,2222.0,474.34,28816.6,97843.1,29352.93,15,4000.05,1.05,0
E014,2025-04,2025,4,9,2589.3,41.13,106486.7,25.27,106511.97,23760.0,148.47,1382.34,2222.0,592.56,28105.36,78406.61,23521.98,23,5790.04,1.1,0
E014,2025-05,2025,5,9,2422.7,39.1,94716.95,215.46,94932.42,25920.0,264.74,1227.51,2222.0,658.31,30292.56,64639.86,19391.96,19,3955.54,1.2,0
E014,2025-06,2025,6,11,2962.7,43.85,129916.12,280.91,130197.03,33000.0,108.76,788.6,2222.0,431.81,36551.17,93645.86,28093.76,22,5630.99,1.25,0
E014,2025-07,2025,7,11,2354.4,37.76,88894.11,340.2,89234.31,34320.0,35.64,1475.08,2222.0,436.34,38489.07,50745.24,15223.57,33,6220.74,1.3,0
E014,2025-08,2025,8,10,2449.4,34.95,85602.11,377.48,85979.59,30720.0,59.72,1009.12,2222.0,500.05,34510.89,51468.7,15440.61,9,1114.66,1.28,0
E014,2025-09,2025,9,10,2245.5,36.56,82102.19,401.98,82504.18,28800.0,155.8,648.94,2222.0,735.88,32562.62,49941.56,14982.47,12,4536.46,1.2,0
E014,2025-10,2025,10,10,2681.5,36.77,98603.15,81.25,98684.4,26400.0,297.18,1239.32,2222.0,379.54,30538.04,68146.36,20443.91,18,6210.95,1.1,0
E014,2025-11,2025,11,11,3820.7,41.21,157432.97,244.92,157677.9,27720.0,168.88,974.89,2222.0,209.98,31295.75,126382.15,37914.64,18,2071.32,1.05,0
E014,2025-12,2025,12,10,3801.4,37.98,144396.62,291.85,144688.47,24000.0,239.03,1225.32,2222.0,612.83,28299.18,116389.29,34916.79,8,1854.95,1.0,0
E014,2026-01,2026,1,11,3481.3,38.15,132800.37,391.45,133191.82,26400.0,232.85,1077.63,2222.0,632.84,30565.32,102626.5,30787.95,26,3498.66,1.0,0
E014,2026-02,2026,2,11,4077.4,37.62,153400.59,360.59,153761.18,26400.0,232.38,880.19,2222.0,693.0,30427.57,123333.61,37000.08,15,3948.34,1.0,1
E014,2026-03,2026,3,11,3514.6,33.15,116498.25,54.95,116553.19,27720.0,5.68,813.69,2222.0,290.86,35710.07,80843.13,24252.94,30,6339.62,1.05,1
E014,2026-04,2026,4,11,2441.1,33.43,81603.34,460.26,82063.6,29040.0,261.85,1235.84,2222.0,237.37,37946.61,44116.99,13235.1,12,1756.19,1.1,1
E014,2026-05,2026,5,10,2573.6,36.58,94137.8,499.06,94636.86,28800.0,143.51,876.82,2222.0,774.01,37738.8,56898.06,17069.42,22,5513.21,1.2,1
E014,2026-06,2026,6,11,2415.4,32.52,78537.99,177.14,78715.13,33000.0,231.6,1220.92,2222.0,585.99,42849.58,35865.55,10759.67,30,8256.74,1.25,1
E015,2025-01,2025,1,12,3919.8,36.76,144108.46,139.5,144247.97,28800.0,89.55,1441.49,2222.0,789.36,33342.39,110905.58,33271.67,32,9778.19,1.0,0
E015,2025-02,2025,2,14,4631.0,36.87,170767.01,352.49,171119.5,33600.0,95.11,848.8,2222.0,760.22,37526.14,133593.37,40078.01,33,5527.71,1.0,0
E015,2025-03,2025,3,12,3634.6,38.09,138449.2,286.74,138735.94,30240.0,162.96,1395.76,2222.0,436.72,34457.44,104278.5,31283.55,19,6220.23,1.05,0
E015,2025-04,2025,4,12,3508.4,38.51,135123.69,145.23,135268.92,31680.0,86.29,1214.14,2222.0,407.82,35610.25,99658.67,29897.6,22,3565.37,1.1,0
E015,2025-05,2025,5,13,3166.5,37.55,118891.04,106.99,118998.03,37440.0,248.39,771.13,2222.0,537.21,41218.73,77779.3,23333.79,16,1839.24,1.2,0
E015,2025-06,2025,6,14,3669.9,36.9,135435.98,293.42,135729.4,42000.0,72.74,1169.83,2222.0,518.62,45983.2,89746.2,26923.86,28,2710.32,1.25,0
E015,2025-07,2025,7,13,2777.1,38.95,108174.43,165.15,108339.58,40560.0,141.72,1181.19,2222.0,282.48,44387.39,63952.18,19185.65,38,14931.39,1.3,0
E015,2025-08,2025,8,12,3066.1,38.19,117090.29,203.45,117293.75,36864.0,280.51,1378.4,2222.0,486.47,41231.38,76062.37,22818.71,14,5438.33,1.28,0
E015,2025-09,2025,9,13,3437.1,34.83,119708.59,142.71,119851.3,37440.0,17.75,1268.72,2222.0,591.38,41539.85,78311.44,23493.43,15,4745.7,1.2,0
E015,2025-10,2025,10,12,3683.4,36.74,135331.83,456.61,135788.44,31680.0,52.52,1382.24,2222.0,305.47,35642.24,100146.2,30043.86,37,14766.51,1.1,0
E015,2025-11,2025,11,13,3608.8,36.55,131902.12,393.98,132296.1,32760.0,55.89,1249.0,2222.0,723.37,37010.27,95285.83,28585.75,17,1563.82,1.05,0
E015,2025-12,2025,12,13,4435.7,34.91,154839.87,283.98,155123.85,31200.0,32.19,1482.99,2222.0,370.74,35307.92,119815.93,35944.78,39,9900.39,1.0,0
E015,2026-01,2026,1,13,4099.0,38.49,157785.81,444.63,158230.44,31200.0,40.26,1004.21,2222.0,363.7,34830.17,123400.27,37020.08,33,6132.02,1.0,0
E015,2026-02,2026,2,14,4313.6,36.08,155619.57,229.46,155849.03,33600.0,77.18,686.2,2222.0,641.97,37227.35,118621.68,35586.5,33,8635.77,1.0,1
E015,2026-03,2026,3,12,3516.2,34.84,122520.29,87.75,122608.03,30240.0,256.84,1397.04,2222.0,696.19,40033.89,82574.14,24772.24,24,2586.15,1.05,1
E015,2026-04,2026,4,14,3506.5,33.82,118591.6,47.69,118639.29,36960.0,294.51,977.45,2222.0,761.5,47397.77,71241.52,21372.45,8,1621.95,1.1,1
E015,2026-05,2026,5,13,2813.0,33.46,94111.57,376.88,94488.45,37440.0,286.21,801.95,2222.0,633.73,47591.47,46896.98,14069.09,8,2313.43,1.2,1
E015,2026-06,2026,6,14,2805.9,36.72,103030.48,118.15,103148.64,42000.0,200.34,965.39,2222.0,295.83,52536.1,50612.54,15183.76,29,10886.42,1.25,1
